id_hex,id_dec,kinds,popcount,n_builds,beta,demo_eu,demo_jp,pal_d1,pal_d2,pal_d3,jp,us
0x0005c699,378521,sprite|anim,10,5,1,0,0,1,1,1,0,1
0x000ac607,706055,sprite|anim,9,8,1,1,1,1,1,1,1,1
0x000cc8f8,837880,sprite|anim,10,8,1,1,1,1,1,1,1,1
0x001822d8,1581784,audio,8,8,1,1,1,1,1,1,1,1
0x001882e0,1606368,audio,7,8,1,1,1,1,1,1,1,1
0x00248e52,2395730,audio,9,8,1,1,1,1,1,1,1,1
0x002e2414,3023892,sprite|anim,8,6,1,0,0,1,1,1,1,1
0x00388110,3703056,sprite|anim,6,8,1,1,1,1,1,1,1,1
0x004a981c,4888604,sprite|anim,9,8,1,1,1,1,1,1,1,1
0x004c9138,5017912,sprite|anim,9,6,1,0,0,1,1,1,1,1
0x006b9a6f,7051887,sprite|anim,15,8,1,1,1,1,1,1,1,1
0x00880c1e,8915998,audio,8,8,1,1,1,1,1,1,1,1
0x00ce0610,13501968,sprite|anim,8,8,1,1,1,1,1,1,1,1
0x00e2f188,14872968,sprite|anim,11,8,1,1,1,1,1,1,1,1
0x00e49240,14979648,audio,8,8,1,1,1,1,1,1,1,1
0x0120e27a,18932346,audio,11,6,1,0,0,1,1,1,1,1
0x012484d2,19170514,audio,9,6,1,0,0,1,1,1,1,1
0x01680261,23593569,audio,8,6,1,0,0,1,1,1,1,1
0x01a5b0d3,27635923,audio,13,8,1,1,1,1,1,1,1,1
0x02098010,34177040,sprite|anim,5,8,1,1,1,1,1,1,1,1
0x02102152,34611538,audio,7,8,1,1,1,1,1,1,1,1
0x0220a173,35692915,audio,10,6,1,0,0,1,1,1,1,1
0x022e3442,36582466,sprite|anim,10,6,1,0,0,1,1,1,1,1
0x0239cb33,37342003,sprite|anim,14,6,1,0,0,1,1,1,1,1
0x0244655d,38036829,sprite|anim,12,6,1,0,0,1,1,1,1,1
0x024d704e,38629454,sprite|anim,12,6,1,0,0,1,1,1,1,1
0x024e981c,38705180,sprite|anim,11,8,1,1,1,1,1,1,1,1
0x02804e67,41963111,sprite|anim,11,6,1,0,0,1,1,1,1,1
0x02841e65,42212965,sprite|anim,11,6,1,0,0,1,1,1,1,1
0x02847462,42234978,audio,10,8,1,1,1,1,1,1,1,1
0x02a10c60,44108896,sprite|anim,8,6,1,0,0,1,1,1,1,1
0x02a48626,44336678,audio,10,8,1,1,1,1,1,1,1,1
0x02c00e64,46141028,sprite|anim,9,6,1,0,0,1,1,1,1,1
0x02e900c0,48824512,audio,8,5,1,0,0,1,1,1,0,1
0x02ed1470,49091696,sprite|anim,12,6,1,0,0,1,1,1,1,1
0x0305a4f5,50701557,sprite|anim,13,5,1,0,0,1,1,1,0,1
0x03ecb851,65845329,audio,14,8,1,1,1,1,1,1,1,1
0x04041001,67375105,audio,4,6,1,0,0,1,1,1,1,1
0x04084011,67649553,sprite|anim,5,8,1,1,1,1,1,1,1,1
0x0408c01e,67682334,sprite|anim,8,6,1,0,0,1,1,1,1,1
0x040a2110,67772688,sprite|anim,6,8,1,1,1,1,1,1,1,1
0x0428801e,69763102,sprite|anim,8,6,1,0,0,1,1,1,1,1
0x0434ce72,70569586,audio,13,6,1,0,0,1,1,1,1,1
0x0462e0bb,73588923,audio,13,8,1,1,1,1,1,1,1,1
0x0478a37a,75015034,audio,14,8,1,1,1,1,1,1,1,1
0x04835000,75714560,sprite|anim,6,6,1,0,0,1,1,1,1,1
0x04a68e56,78024278,audio,13,8,1,1,1,1,1,1,1,1
0x04dce858,81586264,audio,13,6,1,0,0,1,1,1,1,1
0x052aa082,86679682,sprite|anim,9,6,1,0,0,1,1,1,1,1
0x0538a2ea,87597802,sprite|anim,13,6,1,0,0,1,1,1,1,1
0x06101db0,101719472,sprite|anim,10,6,1,0,0,1,1,1,1,1
0x0628a800,103327744,sprite|anim,7,6,1,0,0,1,1,1,1,1
0x069480a0,110395552,sprite|anim,8,6,1,0,0,1,1,1,1,1
0x069580a0,110461088,sprite|anim,9,6,1,0,0,1,1,1,1,1
0x06e0a824,115386404,audio,10,8,1,1,1,1,1,1,1,1
0x0708a4a0,118006944,sprite|anim,9,6,1,0,0,1,1,1,1,1
0x08041001,134483969,audio,4,6,1,0,0,1,1,1,1,1
0x08089081,134779009,audio,6,6,1,0,0,1,1,1,1,1
0x080c8300,135037696,sprite|anim,6,6,1,0,0,1,1,1,1,1
0x08148300,135561984,sprite|anim,6,8,1,1,1,1,1,1,1,1
0x08148ac2,135563970,audio,9,6,1,0,0,1,1,1,1,1
0x08188300,135824128,sprite|anim,6,8,1,1,1,1,1,1,1,1
0x08192250,135864912,sprite|anim,8,8,1,1,1,1,1,1,1,1
0x081c8302,136086274,sprite|anim,8,8,1,1,1,1,1,1,1,1
0x081d8300,136151808,sprite|anim,8,8,1,1,1,1,1,1,1,1
0x081e8300,136217344,sprite|anim,8,8,1,1,1,1,1,1,1,1
0x08208902,136349954,sprite|anim,6,8,1,1,1,1,1,1,1,1
0x082c0536,137102646,sprite|anim,10,8,1,1,1,1,1,1,1,1
0x082e03d8,137233368,sprite|anim,11,6,1,0,0,1,1,1,1,1
0x083488e2,137660642,sprite|anim,10,6,1,0,0,1,1,1,1,1
0x085860d4,140009684,sprite|anim,10,8,1,1,1,1,1,1,1,1
0x085c8300,140280576,sprite|anim,8,8,1,1,1,1,1,1,1,1
0x08624580,140658048,sprite|anim,8,6,1,0,0,1,1,1,1,1
0x086e44c0,141444288,audio,10,6,1,0,0,1,1,1,1,1
0x08814c64,142691428,sprite|anim,9,6,1,0,0,1,1,1,1,1
0x088c5011,143413265,sprite|anim,8,8,1,1,1,1,1,1,1,1
0x08b9135c,146346844,sprite|anim,13,6,1,0,0,1,1,1,1,1
0x08ba0250,146408016,sprite|anim,9,6,1,0,0,1,1,1,1,1
0x08bc8013,146571283,sprite|anim,10,6,1,0,0,1,1,1,1,1
0x08de7215,148795925,sprite|anim,14,6,1,0,0,1,1,1,1,1
0x092b8480,153846912,sprite|anim,9,8,1,1,1,1,1,1,1,1
0x093080c8,154173640,sprite|anim,8,8,1,1,1,1,1,1,1,1
0x09382152,154673490,sprite|anim,10,8,1,1,1,1,1,1,1,1
0x09406d8a,155217290,sprite|anim,11,8,1,1,1,1,1,1,1,1
0x09993072,161034354,sprite|anim,12,8,1,1,1,1,1,1,1,1
0x09ce0610,164496912,sprite|anim,10,8,1,1,1,1,1,1,1,1
0x0a08c490,168346768,sprite|anim,8,6,1,0,0,1,1,1,1,1
0x0a1820d4,169353428,sprite|anim,9,8,1,1,1,1,1,1,1,1
0x0a3a4051,171589713,sprite|anim,10,8,1,1,1,1,1,1,1,1
0x0a409040,172003392,audio,6,6,1,0,0,1,1,1,1,1
0x0a921e2c,177348140,sprite|anim,12,6,1,0,0,1,1,1,1,1
0x0aa18900,178358528,sprite|anim,8,6,1,0,0,1,1,1,1,1
0x0aabc010,179027984,sprite|anim,10,8,1,1,1,1,1,1,1,1
0x0ace0610,181274128,sprite|anim,10,8,1,1,1,1,1,1,1,1
0x0ad0f813,181467155,sprite|anim,13,8,1,1,1,1,1,1,1,1
0x0b0811bb,185078203,sprite|anim,12,6,1,0,0,1,1,1,1,1
0x0b081dbb,185081275,sprite|anim,14,6,1,0,0,1,1,1,1,1
0x0b2084d0,186680528,sprite|anim,9,8,1,1,1,1,1,1,1,1
0x0b290ba2,187239330,sprite|anim,12,6,1,0,0,1,1,1,1,1
0x0bab9854,195795028,sprite,14,1,0,0,0,0,1,0,0,0
0x0bbb70ac,196833452,sprite|anim,16,8,1,1,1,1,1,1,1,1
0x0c01c014,201441300,sprite|anim,7,6,1,0,0,1,1,1,1,1
0x0c3082c3,204505795,audio,10,6,1,0,0,1,1,1,1,1
0x0c34aa22,204778018,sprite|anim,11,6,1,0,0,1,1,1,1,1
0x0c78005c,209191004,sprite|anim,10,6,1,0,0,1,1,1,1,1
0x0cce0610,214828560,sprite|anim,10,8,1,1,1,1,1,1,1,1
0x0e041001,235147265,audio,6,6,1,0,0,1,1,1,1,1
0x0e0ac230,235586096,sprite|anim,10,8,1,1,1,1,1,1,1,1
0x0e3889be,238586302,sprite|anim,15,6,1,0,0,1,1,1,1,1
0x1000c042,268484674,audio,5,8,1,1,1,1,1,1,1,1
0x10057441,268792897,sprite|anim,9,6,1,0,0,1,1,1,1,1
0x10094096,269041814,sprite|anim,8,8,1,1,1,1,1,1,1,1
0x1063bb49,274971465,audio,14,8,1,1,1,1,1,1,1,1
0x10882010,277356560,sprite|anim,5,6,1,0,0,1,1,1,1,1
0x10904443,277890115,audio,8,6,1,0,0,1,1,1,1,1
0x10965446,278287430,audio,11,6,1,0,0,1,1,1,1,1
0x10b85810,280516624,sprite|anim,9,8,1,1,1,1,1,1,1,1
0x10b91810,280565776,sprite|anim,9,8,1,1,1,1,1,1,1,1
0x10b9181c,280565788,sprite|anim,11,8,1,1,1,1,1,1,1,1
0x10b94810,280578064,sprite|anim,9,8,1,1,1,1,1,1,1,1
0x10b9481c,280578076,sprite|anim,11,8,1,1,1,1,1,1,1,1
0x10b95010,280580112,sprite|anim,9,8,1,1,1,1,1,1,1,1
0x10b9501c,280580124,sprite|anim,11,8,1,1,1,1,1,1,1,1
0x10b95a10,280582672,sprite|anim,11,8,1,1,1,1,1,1,1,1
0x10b95a1c,280582684,sprite|anim,13,8,1,1,1,1,1,1,1,1
0x10b95c10,280583184,sprite|anim,11,8,1,1,1,1,1,1,1,1
0x10b95c1c,280583196,sprite|anim,13,8,1,1,1,1,1,1,1,1
0x10b97810,280590352,sprite|anim,11,8,1,1,1,1,1,1,1,1
0x10b9781c,280590364,sprite|anim,13,8,1,1,1,1,1,1,1,1
0x10b9d810,280614928,sprite|anim,11,8,1,1,1,1,1,1,1,1
0x10b9d81c,280614940,sprite|anim,13,8,1,1,1,1,1,1,1,1
0x10bb5810,280713232,sprite|anim,11,8,1,1,1,1,1,1,1,1
0x10f0e983,284223875,audio,13,8,1,1,1,1,1,1,1,1
0x112ae088,288022664,sprite|anim,10,6,1,0,0,1,1,1,1,1
0x11eac4c0,300598464,audio,12,6,1,0,0,1,1,1,1,1
0x12308128,305168680,sprite|anim,8,6,1,0,0,1,1,1,1,1
0x12800031,310378545,sprite|anim,6,8,1,1,1,1,1,1,1,1
0x13ab9854,330012756,sprite,14,1,0,0,0,0,1,0,0,0
0x146ce002,342679554,audio,10,8,1,1,1,1,1,1,1,1
0x1546b710,356955920,audio,13,8,1,1,1,1,1,1,1,1
0x168254b5,377640117,sprite|anim,13,8,1,1,1,1,1,1,1,1
0x181c3854,404502612,sprite|anim,11,6,1,0,0,1,1,1,1,1
0x18248010,405045264,sprite|anim,6,6,1,0,0,1,1,1,1,1
0x1828e640,405333568,audio,10,8,1,1,1,1,1,1,1,1
0x18298210,405373456,sprite|anim,8,8,1,1,1,1,1,1,1,1
0x18ce0610,416155152,sprite|anim,10,8,1,1,1,1,1,1,1,1
0x18e88310,417891088,sprite|anim,10,6,1,0,0,1,1,1,1,1
0x18e88510,417891600,sprite|anim,10,6,1,0,0,1,1,1,1,1
0x18e88910,417892624,sprite|anim,10,6,1,0,0,1,1,1,1,1
0x18e8c704,417908484,sprite|anim,12,6,1,0,0,1,1,1,1,1
0x193ca112,423403794,sprite|anim,12,6,1,0,0,1,1,1,1,1
0x1a202d81,438316417,sprite|anim,10,6,1,0,0,1,1,1,1,1
0x1a28c11a,438878490,sprite|anim,11,8,1,1,1,1,1,1,1,1
0x1a2ab594,439006612,sprite|anim,14,8,1,1,1,1,1,1,1,1
0x1a2c8516,439125270,sprite|anim,12,6,1,0,0,1,1,1,1,1
0x1a3109b2,439421362,sprite|anim,12,6,1,0,0,1,1,1,1,1
0x1b280858,455608408,sprite|anim,10,6,1,0,0,1,1,1,1,1
0x1b280c33,455609395,sprite|anim,12,6,1,0,0,1,1,1,1,1
0x1b301085,456134789,sprite|anim,10,8,1,1,1,1,1,1,1,1
0x1b610064,459341924,audio,10,8,1,1,1,1,1,1,1,1
0x1c395196,473518486,sprite|anim,14,8,1,1,1,1,1,1,1,1
0x1c3aa013,473604115,sprite|anim,12,8,1,1,1,1,1,1,1,1
0x1c8c2437,478946359,sprite|anim,13,6,1,0,0,1,1,1,1,1
0x1cf99931,486119729,sprite|anim,16,8,1,1,1,1,1,1,1,1
0x1d1811b3,488116659,sprite|anim,13,8,1,1,1,1,1,1,1,1
0x1df99931,502896945,sprite|anim,17,8,1,1,1,1,1,1,1,1
0x1e089010,503877648,sprite|anim,8,8,1,1,1,1,1,1,1,1
0x1e1000b3,504365235,sprite|anim,10,8,1,1,1,1,1,1,1,1
0x1e181d10,504896784,sprite|anim,11,6,1,0,0,1,1,1,1,1
0x1e28e0d4,505995476,sprite|anim,13,8,1,1,1,1,1,1,1,1
0x1ef99931,519674161,sprite|anim,17,8,1,1,1,1,1,1,1,1
0x20211e5f,539041375,sprite|anim,13,8,1,1,1,1,1,1,1,1
0x204e44c0,542000320,audio,9,6,1,0,0,1,1,1,1,1
0x205e40c2,543047874,audio,10,6,1,0,0,1,1,1,1,1
0x21229c5c,555916380,sprite|anim,12,8,1,1,1,1,1,1,1,1
0x212a9c2d,556440621,sprite|anim,13,8,1,1,1,1,1,1,1,1
0x21842018,562307096,sprite|anim,7,8,1,1,1,1,1,1,1,1
0x21a81d54,564665684,sprite|anim,12,8,1,1,1,1,1,1,1,1
0x21e90ca0,568921248,audio,11,5,1,0,0,1,1,1,0,1
0x222222d8,572662488,sprite|anim,10,6,1,0,0,1,1,1,1,1
0x2222b64a,572700234,audio,12,6,1,0,0,1,1,1,1,1
0x222cb0e2,573354210,audio,12,8,1,1,1,1,1,1,1,1
0x222d9098,573411480,sprite|anim,11,8,1,1,1,1,1,1,1,1
0x22a4aa42,581216834,audio,11,8,1,1,1,1,1,1,1,1
0x23683294,594031252,sprite|anim,12,8,1,1,1,1,1,1,1,1
0x24002913,603990291,sprite|anim,8,8,1,1,1,1,1,1,1,1
0x246166fa,610363130,audio,15,8,1,1,1,1,1,1,1,1
0x2470e0f2,611377394,audio,13,6,1,0,0,1,1,1,1,1
0x2524e089,623173769,sprite|anim,11,6,1,0,0,1,1,1,1,1
0x25d2c8d8,634570968,audio,14,8,1,1,1,1,1,1,1,1
0x262e0319,640549657,sprite|anim,12,6,1,0,0,1,1,1,1,1
0x282b8491,673940625,sprite|anim,11,8,1,1,1,1,1,1,1,1
0x28a0c119,681623833,sprite|anim,10,5,1,0,0,1,1,1,0,1
0x28c080df,683704543,sprite|anim,12,8,1,1,1,1,1,1,1,1
0x28ce0610,684590608,sprite|anim,10,8,1,1,1,1,1,1,1,1
0x292e8480,690914432,sprite|anim,10,8,1,1,1,1,1,1,1,1
0x29808408,696288264,audio,7,8,1,1,1,1,1,1,1,1
0x29c0e211,700506641,sprite|anim,11,8,1,1,1,1,1,1,1,1
0x2a3f0148,708772168,sprite,12,1,0,0,0,0,0,1,0,0
0x2a6e0410,711853072,sprite,10,4,1,0,0,1,0,0,1,1
0x2ad0f011,718336017,sprite|anim,12,8,1,1,1,1,1,1,1,1
0x2b2ca36b,724345707,audio,16,8,1,1,1,1,1,1,1,1
0x2b3889b2,725125554,sprite|anim,14,6,1,0,0,1,1,1,1,1
0x2b689100,728273152,sprite,10,1,0,0,0,0,1,0,0,0
0x2b79835d,729383773,sprite|anim,17,6,1,0,0,1,1,1,1,1
0x2baec615,732874261,sprite,16,1,0,0,0,0,0,1,0,0
0x2c182010,739778576,sprite|anim,7,8,1,1,1,1,1,1,1,1
0x2cda4604,752502276,sprite|anim,12,8,1,1,1,1,1,1,1,1
0x2d688254,761823828,sprite|anim,12,6,1,0,0,1,1,1,1,1
0x2e809804,780179460,sprite|anim,9,6,1,0,0,1,1,1,1,1
0x2e811804,780212228,sprite|anim,9,6,1,0,0,1,1,1,1,1
0x2e839804,780376068,sprite|anim,11,6,1,0,0,1,1,1,1,1
0x30004240,805323328,audio,5,6,1,0,0,1,1,1,1,1
0x302010c4,807407812,audio,7,8,1,1,1,1,1,1,1,1
0x302016c4,807409348,audio,9,6,1,0,0,1,1,1,1,1
0x3080820d,813728269,sprite|anim,8,5,1,0,0,1,1,1,0,1
0x3080840d,813728781,sprite|anim,8,5,1,0,0,1,1,1,0,1
0x30808e0d,813731341,sprite|anim,10,5,1,0,0,1,1,1,0,1
0x3099991b,815372571,sprite|anim,14,5,1,0,0,1,1,1,0,1
0x30a0c119,815841561,sprite|anim,10,5,1,0,0,1,1,1,0,1
0x3128adf0,824749552,audio,14,8,1,1,1,1,1,1,1,1
0x323ac9be,842713534,sprite|anim,17,6,1,0,0,1,1,1,1,1
0x323f0148,842989896,sprite,12,1,0,0,0,0,0,1,0,0
0x326e0410,846070800,sprite,10,6,1,1,1,1,0,0,1,1
0x33689100,862490880,sprite,10,1,0,0,0,0,1,0,0,0
0x33808e1b,864063003,sprite|anim,13,8,1,1,1,1,1,1,1,1
0x33aec615,867091989,sprite,16,1,0,0,0,0,0,1,0,0
0x34014841,872499265,audio,8,6,1,0,0,1,1,1,1,1
0x344210b1,876744881,sprite|anim,10,8,1,1,1,1,1,1,1,1
0x35289fae,891854766,sprite|anim,17,8,1,1,1,1,1,1,1,1
0x3838801a,943226906,sprite|anim,10,8,1,1,1,1,1,1,1,1
0x38a0c119,950059289,sprite|anim,11,5,1,0,0,1,1,1,0,1
0x392cb014,959229972,sprite|anim,12,8,1,1,1,1,1,1,1,1
0x393c80c2,960266434,sprite|anim,12,8,1,1,1,1,1,1,1,1
0x39900619,965740057,sprite|anim,11,8,1,1,1,1,1,1,1,1
0x3a186940,974678336,sprite|anim,11,6,1,0,0,1,1,1,1,1
0x3a186980,974678400,sprite|anim,11,6,1,0,0,1,1,1,1,1
0x3a3a49b2,976898482,sprite|anim,15,6,1,0,0,1,1,1,1,1
0x3c389550,1010341200,sprite|anim,13,6,1,0,0,1,1,1,1,1
0x3d348056,1026850902,sprite|anim,13,8,1,1,1,1,1,1,1,1
0x3da80d13,1034423571,sprite|anim,14,6,1,0,0,1,1,1,1,1
0x3eb98520,1052345632,sprite|anim,14,6,1,0,0,1,1,1,1,1
0x40023e30,1073888816,audio,9,8,1,1,1,1,1,1,1,1
0x40098a60,1074367072,sprite|anim,8,8,1,1,1,1,1,1,1,1
0x400c989d,1074567325,sprite|anim,11,8,1,1,1,1,1,1,1,1
0x400c991d,1074567453,sprite|anim,11,8,1,1,1,1,1,1,1,1
0x400c9a1d,1074567709,sprite|anim,11,8,1,1,1,1,1,1,1,1
0x40106054,1074815060,sprite|anim,7,8,1,1,1,1,1,1,1,1
0x401106da,1074857690,audio,10,8,1,1,1,1,1,1,1,1
0x40110e26,1074859558,audio,9,8,1,1,1,1,1,1,1,1
0x40189a1d,1075354141,sprite|anim,11,8,1,1,1,1,1,1,1,1
0x402044c9,1075856585,audio,8,8,1,1,1,1,1,1,1,1
0x40400270,1077936752,audio,6,6,1,0,0,1,1,1,1,1
0x40489938,1078499640,sprite|anim,10,6,1,0,0,1,1,1,1,1
0x404c5919,1078745369,sprite|anim,11,8,1,1,1,1,1,1,1,1
0x407801d0,1081606608,sprite|anim,9,6,1,0,0,1,1,1,1,1
0x407801dc,1081606620,sprite|anim,11,6,1,0,0,1,1,1,1,1
0x40784034,1081622580,audio,9,6,1,0,0,1,1,1,1,1
0x40815801,1082218497,audio,7,6,1,0,0,1,1,1,1,1
0x40864668,1082541672,audio,10,6,1,0,0,1,1,1,1,1
0x408a1c10,1082792976,sprite|anim,8,6,1,0,0,1,1,1,1,1
0x408a2c10,1082797072,sprite|anim,8,6,1,0,0,1,1,1,1,1
0x408a6461,1082811489,audio,10,8,1,1,1,1,1,1,1,1
0x40b18011,1085374481,sprite|anim,8,5,1,0,0,1,1,1,0,1
0x40b28011,1085440017,sprite|anim,8,5,1,0,0,1,1,1,0,1
0x40b48011,1085571089,sprite|anim,8,5,1,0,0,1,1,1,0,1
0x40c0d0e4,1086378212,audio,10,6,1,0,0,1,1,1,1,1
0x40c21c10,1086462992,sprite|anim,8,6,1,0,0,1,1,1,1,1
0x40c22c10,1086467088,sprite|anim,8,8,1,1,1,1,1,1,1,1
0x40da1c10,1088035856,sprite|anim,10,8,1,1,1,1,1,1,1,1
0x40da2c10,1088039952,sprite|anim,10,6,1,0,0,1,1,1,1,1
0x40e0824c,1088455244,audio,9,8,1,1,1,1,1,1,1,1
0x40e28045,1088585797,audio,9,8,1,1,1,1,1,1,1,1
0x40e9a362,1089053538,audio,13,8,1,1,1,1,1,1,1,1
0x40ea1c10,1089084432,sprite|anim,10,6,1,0,0,1,1,1,1,1
0x40ea2c10,1089088528,sprite|anim,10,6,1,0,0,1,1,1,1,1
0x40f8c274,1090044532,audio,13,6,1,0,0,1,1,1,1,1
0x410800f9,1091043577,sprite|anim,9,8,1,1,1,1,1,1,1,1
0x410808f9,1091045625,sprite|anim,10,8,1,1,1,1,1,1,1,1
0x410818f9,1091049721,sprite|anim,11,8,1,1,1,1,1,1,1,1
0x412e8311,1093567249,audio,11,6,1,0,0,1,1,1,1,1
0x4148c374,1095287668,audio,12,6,1,0,0,1,1,1,1,1
0x41ca1c10,1103764496,sprite|anim,10,6,1,0,0,1,1,1,1,1
0x421586c2,1108707010,audio,11,6,1,0,0,1,1,1,1,1
0x421d1000,1109200896,audio,7,5,1,0,0,1,1,1,0,1
0x422a0225,1110049317,sprite|anim,9,6,1,0,0,1,1,1,1,1
0x424129a1,1111566753,audio,10,6,1,0,0,1,1,1,1,1
0x42464cc8,1111903432,audio,11,8,1,1,1,1,1,1,1,1
0x424d1840,1112348736,sprite|anim,9,6,1,0,0,1,1,1,1,1
0x42590440,1113130048,audio,8,5,1,0,0,1,1,1,0,1
0x425a399c,1113209244,sprite|anim,14,8,1,1,1,1,1,1,1,1
0x4260c8b5,1113639093,sprite|anim,12,8,1,1,1,1,1,1,1,1
0x428254e2,1115837666,audio,11,8,1,1,1,1,1,1,1,1
0x428a6465,1116365925,audio,12,8,1,1,1,1,1,1,1,1
0x42906465,1116759141,audio,11,8,1,1,1,1,1,1,1,1
0x42c11270,1119949424,audio,10,6,1,0,0,1,1,1,1,1
0x42ca1c10,1120541712,sprite|anim,10,6,1,0,0,1,1,1,1,1
0x43234444,1126384708,audio,10,6,1,0,0,1,1,1,1,1
0x4348b052,1128837202,audio,11,8,1,1,1,1,1,1,1,1
0x4428c941,1143523649,audio,10,8,1,1,1,1,1,1,1,1
0x44c26454,1153590356,audio,11,8,1,1,1,1,1,1,1,1
0x44ca1c10,1154096144,sprite|anim,10,8,1,1,1,1,1,1,1,1
0x44d4c8d8,1154795736,audio,13,8,1,1,1,1,1,1,1,1
0x44d6c8cd,1154926797,audio,15,6,1,0,0,1,1,1,1,1
0x45310a04,1160841732,audio,9,8,1,1,1,1,1,1,1,1
0x458b0320,1166738208,sprite|anim,10,6,1,0,0,1,1,1,1,1
0x46064232,1174815282,sprite,10,1,0,0,0,0,1,0,0,0
0x46269090,1176932496,sprite,10,4,1,0,0,1,0,0,1,1
0x462c6040,1177313344,sprite|anim,9,8,1,1,1,1,1,1,1,1
0x462cb03b,1177333819,sprite,14,1,0,0,0,0,0,1,0,0
0x46346040,1177837632,sprite|anim,9,8,1,1,1,1,1,1,1,1
0x46386040,1178099776,sprite|anim,9,8,1,1,1,1,1,1,1,1
0x463e6040,1178492992,sprite|anim,11,8,1,1,1,1,1,1,1,1
0x48017101,1208054017,audio,8,6,1,0,0,1,1,1,1,1
0x48204012,1210073106,sprite|anim,6,8,1,1,1,1,1,1,1,1
0x48209640,1210095168,audio,8,6,1,0,0,1,1,1,1,1
0x4824c0c5,1210368197,audio,10,8,1,1,1,1,1,1,1,1
0x486002db,1214251739,audio,11,8,1,1,1,1,1,1,1,1
0x48608484,1214284932,sprite|anim,8,8,1,1,1,1,1,1,1,1
0x4860c074,1214300276,audio,10,6,1,0,0,1,1,1,1,1
0x486492c4,1214550724,audio,11,6,1,0,0,1,1,1,1,1
0x48ca1c10,1221205008,sprite|anim,10,6,1,0,0,1,1,1,1,1
0x48d81135,1222119733,sprite|anim,12,6,1,0,0,1,1,1,1,1
0x48f843d4,1224229844,sprite|anim,14,6,1,0,0,1,1,1,1,1
0x49289c14,1227398164,sprite|anim,11,8,1,1,1,1,1,1,1,1
0x492c8430,1227654192,sprite,10,4,1,0,0,1,0,0,1,1
0x49609640,1231066688,audio,10,6,1,0,0,1,1,1,1,1
0x49a09640,1235260992,audio,10,6,1,0,0,1,1,1,1,1
0x4a1ea052,1243521106,sprite,12,4,1,0,0,1,0,0,1,1
0x4a2ae046,1244323910,sprite,12,1,0,0,0,0,0,1,0,0
0x4a3ea110,1245618448,sprite,12,3,1,0,0,1,0,0,0,1
0x4a4ec094,1246675092,sprite,12,4,1,0,0,1,0,0,1,1
0x4a60ca40,1247857216,audio,10,8,1,1,1,1,1,1,1,1
0x4a7f0454,1249838164,sprite,14,1,0,0,0,0,1,0,0,0
0x4a806042,1249927234,audio,8,8,1,1,1,1,1,1,1,1
0x4aee0118,1257111832,sprite,12,6,1,1,1,1,0,0,1,1
0x4baf8200,1269793280,sprite,12,6,1,1,1,1,0,0,1,1
0x4c02d240,1275253312,audio,9,6,1,0,0,1,1,1,1,1
0x4c106054,1276141652,sprite|anim,9,8,1,1,1,1,1,1,1,1
0x4c22d240,1277350464,audio,10,6,1,0,0,1,1,1,1,1
0x4c2a8850,1277855824,sprite,10,4,1,0,0,1,0,0,1,1
0x4c3ae101,1278927105,sprite,12,1,0,0,0,0,1,0,0,0
0x4c60f249,1281421897,audio,13,8,1,1,1,1,1,1,1,1
0x4c62d240,1281544768,audio,11,6,1,0,0,1,1,1,1,1
0x4ca2d240,1285739072,audio,11,6,1,0,0,1,1,1,1,1
0x4cddccd8,1289604312,audio,17,8,1,1,1,1,1,1,1,1
0x4d09d01c,1292488732,sprite|anim,12,6,1,0,0,1,1,1,1,1
0x4e05b540,1308996928,anim,12,6,1,0,0,1,1,1,1,1
0x50008340,1342210880,audio,6,8,1,1,1,1,1,1,1,1
0x502141c3,1344356803,audio,10,8,1,1,1,1,1,1,1,1
0x502840c3,1344815299,audio,9,8,1,1,1,1,1,1,1,1
0x50408b61,1346407265,audio,10,8,1,1,1,1,1,1,1,1
0x5050c643,1347470915,audio,11,8,1,1,1,1,1,1,1,1
0x506e8654,1349420628,audio,13,8,1,1,1,1,1,1,1,1
0x507883c3,1350075331,audio,13,8,1,1,1,1,1,1,1,1
0x50f08207,1357939207,audio,11,8,1,1,1,1,1,1,1,1
0x5101c047,1359069255,audio,10,6,1,0,0,1,1,1,1,1
0x51200640,1361053248,audio,7,6,1,0,0,1,1,1,1,1
0x512061c1,1361076673,audio,10,8,1,1,1,1,1,1,1,1
0x512c8430,1361871920,sprite,10,6,1,1,1,1,0,0,1,1
0x518b11b2,1368068530,sprite|anim,13,6,1,0,0,1,1,1,1,1
0x51910816,1368459286,audio,10,8,1,1,1,1,1,1,1,1
0x52186e1c,1377332764,sprite|anim,13,6,1,0,0,1,1,1,1,1
0x522ae046,1378541638,sprite,12,1,0,0,0,0,0,1,0,0
0x5238cd10,1379454224,sprite|anim,12,6,1,0,0,1,1,1,1,1
0x523ea110,1379836176,sprite,12,4,1,0,0,1,0,0,1,1
0x524ec094,1380892820,sprite,12,6,1,1,1,1,0,0,1,1
0x527f0454,1384055892,sprite,14,1,0,0,0,0,1,0,0,0
0x52a08394,1386251156,sprite|anim,11,8,1,1,1,1,1,1,1,1
0x52a28ad3,1386384083,sprite,14,1,0,0,0,0,0,1,0,0
0x52ee0118,1391329560,sprite,12,6,1,1,1,1,0,0,1,1
0x53209c1c,1394646044,sprite|anim,12,8,1,1,1,1,1,1,1,1
0x53608b64,1398836068,audio,13,8,1,1,1,1,1,1,1,1
0x53af8200,1404011008,sprite,12,6,1,1,1,1,0,0,1,1
0x542a8850,1412073552,sprite,10,6,1,1,1,1,0,0,1,1
0x543ae101,1413144833,sprite,12,1,0,0,0,0,1,0,0,0
0x54608016,1415610390,sprite|anim,9,8,1,1,1,1,1,1,1,1
0x563ba142,1446748482,audio,14,8,1,1,1,1,1,1,1,1
0x56a1c2c0,1453441728,audio,12,6,1,0,0,1,1,1,1,1
0x581e0893,1478363283,sprite,12,1,0,0,0,0,1,0,0,0
0x5821c242,1478607426,audio,10,6,1,0,0,1,1,1,1,1
0x5822c080,1478672512,sprite|anim,8,8,1,1,1,1,1,1,1,1
0x5838cc16,1480117270,sprite|anim,13,8,1,1,1,1,1,1,1,1
0x5860c640,1482737216,audio,10,8,1,1,1,1,1,1,1,1
0x5862f614,1482880532,audio,14,6,1,0,0,1,1,1,1,1
0x5870c6e8,1483785960,audio,14,6,1,0,0,1,1,1,1,1
0x5900c41e,1493222430,sprite|anim,11,8,1,1,1,1,1,1,1,1
0x5a088840,1510508608,sprite|anim,8,6,1,0,0,1,1,1,1,1
0x5a204c30,1512066096,sprite|anim,10,8,1,1,1,1,1,1,1,1
0x5a2082f2,1512080114,sprite|anim,12,6,1,0,0,1,1,1,1,1
0x5a89815f,1518960991,sprite|anim,15,8,1,1,1,1,1,1,1,1
0x5ab9815f,1522106719,sprite|anim,17,8,1,1,1,1,1,1,1,1
0x5ad9815f,1524203871,sprite|anim,17,8,1,1,1,1,1,1,1,1
0x5d2ce434,1563223092,sprite|anim,15,8,1,1,1,1,1,1,1,1
0x5d40a249,1564516937,audio,12,8,1,1,1,1,1,1,1,1
0x5e064232,1577468466,sprite,12,1,0,0,0,0,1,0,0,0
0x5e269090,1579585680,sprite,12,3,1,0,0,1,0,0,0,1
0x5e2cb03b,1579987003,sprite,16,1,0,0,0,0,0,1,0,0
0x60041650,1610880592,audio,8,6,1,0,0,1,1,1,1,1
0x60181a0c,1612192268,sprite|anim,9,8,1,1,1,1,1,1,1,1
0x603588e8,1614121192,audio,12,6,1,0,0,1,1,1,1,1
0x60680076,1617428598,audio,10,6,1,0,0,1,1,1,1,1
0x606c8061,1617723489,audio,10,6,1,0,0,1,1,1,1,1
0x6082c120,1619181856,audio,8,8,1,1,1,1,1,1,1,1
0x60830860,1619200096,audio,8,8,1,1,1,1,1,1,1,1
0x60889602,1619564034,audio,9,8,1,1,1,1,1,1,1,1
0x60a91c9c,1621695644,sprite|anim,13,6,1,0,0,1,1,1,1,1
0x60a91d9c,1621695900,anim,14,6,1,0,0,1,1,1,1,1
0x60aa1c9c,1621761180,sprite|anim,13,6,1,0,0,1,1,1,1,1
0x60aa1e9c,1621761692,anim,14,6,1,0,0,1,1,1,1,1
0x60b8bc9c,1622719644,sprite|anim,15,8,1,1,1,1,1,1,1,1
0x60b93cbd,1622752445,sprite|anim,17,6,1,0,0,1,1,1,1,1
0x60b98cbd,1622772925,sprite|anim,16,8,1,1,1,1,1,1,1,1
0x60b9bcbd,1622785213,sprite|anim,18,6,1,0,0,1,1,1,1,1
0x60de1050,1625165904,sprite|anim,11,6,1,0,0,1,1,1,1,1
0x611c5804,1629247492,sprite|anim,10,8,1,1,1,1,1,1,1,1
0x61200640,1629488704,audio,7,8,1,1,1,1,1,1,1,1
0x612010c9,1629491401,audio,9,6,1,0,0,1,1,1,1,1
0x612c8430,1630307376,sprite,10,6,1,1,1,1,0,0,1,1
0x61581a0c,1633163788,sprite|anim,11,8,1,1,1,1,1,1,1,1
0x61841021,1636044833,audio,8,8,1,1,1,1,1,1,1,1
0x61981a0c,1637358092,sprite|anim,11,8,1,1,1,1,1,1,1,1
0x61a91c9c,1638472860,sprite|anim,14,6,1,0,0,1,1,1,1,1
0x62000441,1644168257,audio,6,6,1,0,0,1,1,1,1,1
0x620ec210,1645134352,sprite,10,6,1,1,1,1,0,0,1,1
0x6220a452,1646306386,audio,10,6,1,0,0,1,1,1,1,1
0x622640bc,1646674108,sprite,12,1,0,0,0,0,0,1,0,0
0x62318245,1647411781,audio,11,6,1,0,0,1,1,1,1,1
0x628d8898,1653442712,sprite,12,1,0,0,0,0,1,0,0,0
0x62aa1c9c,1655315612,sprite|anim,14,6,1,0,0,1,1,1,1,1
0x62ee0118,1659765016,sprite,12,4,1,0,0,1,0,0,1,1
0x63848e59,1669631577,sprite|anim,14,8,1,1,1,1,1,1,1,1
0x63af8200,1672446464,sprite,12,6,1,1,1,1,0,0,1,1
0x64221e61,1679957601,audio,12,8,1,1,1,1,1,1,1,1
0x643ae101,1681580289,sprite,12,1,0,0,0,0,1,0,0,0
0x646c2cc0,1684810944,audio,12,8,1,1,1,1,1,1,1,1
0x64bb1cbe,1689984190,sprite|anim,18,8,1,1,1,1,1,1,1,1
0x65281e40,1697128000,audio,11,8,1,1,1,1,1,1,1,1
0x657c322c,1702638124,sprite|anim,15,8,1,1,1,1,1,1,1,1
0x66017821,1711372321,audio,11,6,1,0,0,1,1,1,1,1
0x662096e9,1713411817,audio,14,6,1,0,0,1,1,1,1,1
0x68009240,1744867904,audio,7,8,1,1,1,1,1,1,1,1
0x682080cd,1746960589,audio,10,6,1,0,0,1,1,1,1,1
0x686c1c97,1751915671,audio,15,8,1,1,1,1,1,1,1,1
0x68c01218,1757418008,sprite|anim,9,5,1,0,0,1,1,1,0,1
0x68c0f413,1757475859,sprite|anim,13,8,1,1,1,1,1,1,1,1
0x69588258,1767408216,sprite|anim,12,6,1,0,0,1,1,1,1,1
0x69c04050,1774207056,sprite|anim,9,8,1,1,1,1,1,1,1,1
0x69c8f473,1774777459,sprite|anim,17,8,1,1,1,1,1,1,1,1
0x6a351094,1781862548,sprite|anim,12,8,1,1,1,1,1,1,1,1
0x6ae1a244,1793172036,audio,13,8,1,1,1,1,1,1,1,1
0x6aec0c32,1793854514,sprite,14,1,0,0,0,0,1,0,0,0
0x6c22083a,1814169658,sprite|anim,11,6,1,0,0,1,1,1,1,1
0x6c289c1c,1814600732,sprite|anim,13,6,1,0,0,1,1,1,1,1
0x6c351094,1815416980,sprite|anim,12,8,1,1,1,1,1,1,1,1
0x6d209c95,1830853781,sprite|anim,14,6,1,0,0,1,1,1,1,1
0x6e064232,1845903922,sprite,12,1,0,0,0,0,1,0,0,0
0x6e2cb03b,1848422459,sprite,16,1,0,0,0,0,0,1,0,0
0x7000c248,1879097928,audio,8,8,1,1,1,1,1,1,1,1
0x7003474c,1879263052,audio,12,8,1,1,1,1,1,1,1,1
0x70204350,1881162576,audio,9,6,1,0,0,1,1,1,1,1
0x70404350,1883259728,audio,9,8,1,1,1,1,1,1,1,1
0x70a09ce1,1889574113,audio,13,6,1,0,0,1,1,1,1,1
0x70d006d8,1892681432,audio,12,8,1,1,1,1,1,1,1,1
0x71030240,1896022592,audio,8,6,1,0,0,1,1,1,1,1
0x72a7d455,1923601493,audio,17,6,1,0,0,1,1,1,1,1
0x74044081,1946435713,audio,8,6,1,0,0,1,1,1,1,1
0x74182b40,1947740992,audio,11,8,1,1,1,1,1,1,1,1
0x746048f1,1952467185,audio,13,6,1,0,0,1,1,1,1,1
0x75189608,1964545544,sprite|anim,12,8,1,1,1,1,1,1,1,1
0x760106c1,1979778753,audio,11,8,1,1,1,1,1,1,1,1
0x7622c165,1981989221,audio,14,6,1,0,0,1,1,1,1,1
0x7623c165,1982054757,audio,15,6,1,0,0,1,1,1,1,1
0x78100250,2014315088,audio,8,8,1,1,1,1,1,1,1,1
0x78d909e0,2027489760,sprite|anim,14,8,1,1,1,1,1,1,1,1
0x7a0ec210,2047787536,sprite,12,4,1,0,0,1,0,0,1,1
0x7a2640bc,2049327292,sprite,14,1,0,0,0,0,0,1,0,0
0x7a318245,2050064965,audio,13,6,1,0,0,1,1,1,1,1
0x7a8d8898,2056095896,sprite,14,1,0,0,0,0,1,0,0,0
0x7c108242,2081456706,audio,10,6,1,0,0,1,1,1,1,1
0x7c108244,2081456708,audio,10,6,1,0,0,1,1,1,1,1
0x800da102,2148376834,sprite|anim,8,6,1,0,0,1,1,1,1,1
0x800da116,2148376854,sprite|anim,10,6,1,0,0,1,1,1,1,1
0x800da11a,2148376858,sprite|anim,10,6,1,0,0,1,1,1,1,1
0x800da132,2148376882,sprite|anim,10,6,1,0,0,1,1,1,1,1
0x800da152,2148376914,sprite|anim,10,6,1,0,0,1,1,1,1,1
0x80282799,2150115225,sprite|anim,11,8,1,1,1,1,1,1,1,1
0x804c881c,2152499228,sprite|anim,9,6,1,0,0,1,1,1,1,1
0x8068815c,2154332508,sprite|anim,10,6,1,0,0,1,1,1,1,1
0x80729081,2154991745,sprite|anim,9,8,1,1,1,1,1,1,1,1
0x80808846,2155907142,audio,7,6,1,0,0,1,1,1,1,1
0x80a0c240,2158019136,audio,7,8,1,1,1,1,1,1,1,1
0x80b92212,2159616530,sprite|anim,10,8,1,1,1,1,1,1,1,1
0x80e85ea0,2162712224,sprite|anim,12,8,1,1,1,1,1,1,1,1
0x81100030,2165309488,sprite|anim,5,5,1,0,0,1,1,1,0,1
0x8139a088,2168037512,sprite|anim,10,6,1,0,0,1,1,1,1,1
0x81421850,2168592464,sprite|anim,8,6,1,0,0,1,1,1,1,1
0x815900d0,2170093776,sprite|anim,9,8,1,1,1,1,1,1,1,1
0x82421850,2185369680,sprite|anim,8,6,1,0,0,1,1,1,1,1
0x826ca852,2188159058,audio,12,8,1,1,1,1,1,1,1,1
0x82886816,2189977622,sprite|anim,10,8,1,1,1,1,1,1,1,1
0x83248e62,2200211042,audio,12,8,1,1,1,1,1,1,1,1
0x84004480,2214610048,sprite|anim,5,8,1,1,1,1,1,1,1,1
0x8429153c,2217284924,sprite|anim,12,8,1,1,1,1,1,1,1,1
0x8508000a,2231894026,sprite|anim,6,8,1,1,1,1,1,1,1,1
0x8524a880,2233772160,sprite|anim,9,6,1,0,0,1,1,1,1,1
0x8569a090,2238292112,sprite|anim,11,6,1,0,0,1,1,1,1,1
0x880161a7,2281791911,sprite|anim,11,8,1,1,1,1,1,1,1,1
0x8818a018,2283315224,sprite|anim,8,8,1,1,1,1,1,1,1,1
0x88210498,2283865240,sprite|anim,8,6,1,0,0,1,1,1,1,1
0x88329285,2285015685,sprite|anim,11,8,1,1,1,1,1,1,1,1
0x883d14b4,2285704372,sprite|anim,13,6,1,0,0,1,1,1,1,1
0x88783718,2289579800,sprite|anim,13,8,1,1,1,1,1,1,1,1
0x888da193,2290983315,sprite|anim,13,6,1,0,0,1,1,1,1,1
0x88a16190,2292277648,sprite|anim,10,6,1,0,0,1,1,1,1,1
0x88a28194,2292351380,sprite|anim,10,8,1,1,1,1,1,1,1,1
0x88a2a230,2292359728,sprite,10,1,0,0,0,0,1,0,0,0
0x88b9833c,2293859132,sprite|anim,14,8,1,1,1,1,1,1,1,1
0x892e0c1a,2301496346,sprite,12,1,0,0,0,0,0,1,0,0
0x8a0d82a0,2316141216,sprite,10,1,0,0,0,0,0,1,0,0
0x8a1940e1,2316910817,sprite|anim,11,6,1,0,0,1,1,1,1,1
0x8a3809f2,2318928370,sprite|anim,13,6,1,0,0,1,1,1,1,1
0x8a7ce022,2323439650,sprite|anim,13,8,1,1,1,1,1,1,1,1
0x8ab92024,2327388196,sprite|anim,11,8,1,1,1,1,1,1,1,1
0x8b603980,2338339200,sprite|anim,11,8,1,1,1,1,1,1,1,1
0x8b7ce0b2,2340217010,sprite|anim,16,8,1,1,1,1,1,1,1,1
0x8c29e08c,2351554700,sprite|anim,12,6,1,0,0,1,1,1,1,1
0x8c30008c,2351956108,sprite|anim,8,6,1,0,0,1,1,1,1,1
0x8c510186,2354119046,sprite|anim,10,8,1,1,1,1,1,1,1,1
0x8d01c734,2365703988,sprite|anim,13,8,1,1,1,1,1,1,1,1
0x902c0002,2418802690,sprite|anim,6,8,1,1,1,1,1,1,1,1
0x90805c51,2424331345,audio,10,6,1,0,0,1,1,1,1,1
0x90810000,2424373248,audio,4,8,1,1,1,1,1,1,1,1
0x908254e5,2424460517,audio,12,8,1,1,1,1,1,1,1,1
0x90985240,2425901632,audio,9,8,1,1,1,1,1,1,1,1
0x90a19011,2426507281,sprite|anim,9,8,1,1,1,1,1,1,1,1
0x90a2a230,2426577456,sprite,10,1,0,0,0,0,1,0,0,0
0x90b102a1,2427519649,sprite|anim,10,8,1,1,1,1,1,1,1,1
0x90c24401,2428650497,audio,8,6,1,0,0,1,1,1,1,1
0x90d85954,2430097748,audio,13,8,1,1,1,1,1,1,1,1
0x91106183,2433769859,sprite|anim,10,8,1,1,1,1,1,1,1,1
0x912e0c1a,2435714074,sprite,12,1,0,0,0,0,0,1,0,0
0x9158a0f6,2438504694,sprite|anim,14,8,1,1,1,1,1,1,1,1
0x9180d446,2441139270,audio,11,6,1,0,0,1,1,1,1,1
0x91a9d01d,2443825181,sprite|anim,14,8,1,1,1,1,1,1,1,1
0x920d82a0,2450358944,sprite,10,1,0,0,0,0,0,1,0,0
0x9291d400,2459030528,audio,10,8,1,1,1,1,1,1,1,1
0x9299c307,2459550471,sprite|anim,14,6,1,0,0,1,1,1,1,1
0x92af8810,2460977168,sprite,12,4,1,0,0,1,0,0,1,1
0x92f8f1c0,2465788352,audio,15,8,1,1,1,1,1,1,1,1
0x93043811,2466527249,sprite|anim,10,8,1,1,1,1,1,1,1,1
0x9389b8c4,2475276484,sprite|anim,14,8,1,1,1,1,1,1,1,1
0x9629a000,2519310336,sprite|anim,9,6,1,0,0,1,1,1,1,1
0x98004092,2550153362,sprite|anim,7,8,1,1,1,1,1,1,1,1
0x980861a3,2550686115,sprite|anim,11,8,1,1,1,1,1,1,1,1
0x980c6211,2550948369,sprite|anim,10,6,1,0,0,1,1,1,1,1
0x987101b9,2557542841,sprite|anim,13,8,1,1,1,1,1,1,1,1
0x987140d0,2557558992,sprite|anim,11,6,1,0,0,1,1,1,1,1
0x98f8221e,2566398494,sprite|anim,14,8,1,1,1,1,1,1,1,1
0x991003c2,2567963586,audio,10,8,1,1,1,1,1,1,1,1
0x9918a8e2,2568530146,sprite|anim,13,8,1,1,1,1,1,1,1,1
0x9940bb40,2571156288,audio,12,8,1,1,1,1,1,1,1,1
0x9980d651,2575357521,audio,13,8,1,1,1,1,1,1,1,1
0x9b0ab1c6,2601169350,sprite|anim,15,8,1,1,1,1,1,1,1,1
0x9b2204a0,2602697888,sprite|anim,10,8,1,1,1,1,1,1,1,1
0x9c6584d2,2623898834,sprite|anim,14,6,1,0,0,1,1,1,1,1
0x9cc87050,2630381648,audio,12,8,1,1,1,1,1,1,1,1
0x9d406340,2638242624,audio,11,8,1,1,1,1,1,1,1,1
0x9d4dc260,2639118944,audio,14,8,1,1,1,1,1,1,1,1
0xa00a0c30,2685013040,sprite|anim,8,6,1,0,0,1,1,1,1,1
0xa0149114,2685702420,sprite|anim,9,6,1,0,0,1,1,1,1,1
0xa0299a4d,2687081037,sprite|anim,13,8,1,1,1,1,1,1,1,1
0xa06088c9,2690681033,audio,10,6,1,0,0,1,1,1,1,1
0xa0824440,2692891712,audio,7,6,1,0,0,1,1,1,1,1
0xa0cc18d0,2697730256,sprite|anim,11,6,1,0,0,1,1,1,1,1
0xa0cc1cd0,2697731280,sprite|anim,12,6,1,0,0,1,1,1,1,1
0xa116220c,2702582284,sprite|anim,10,6,1,0,0,1,1,1,1,1
0xa12e0c1a,2704149530,sprite,12,1,0,0,0,0,0,1,0,0
0xa2034840,2718124096,audio,8,6,1,0,0,1,1,1,1,1
0xa628e009,2787696649,sprite|anim,11,6,1,0,0,1,1,1,1,1
0xa8482860,2823301216,sprite|anim,9,8,1,1,1,1,1,1,1,1
0xa89d0ad0,2828864208,sprite|anim,13,8,1,1,1,1,1,1,1,1
0xa9228088,2837610632,sprite|anim,9,8,1,1,1,1,1,1,1,1
0xa9240484,2837709956,sprite|anim,9,8,1,1,1,1,1,1,1,1
0xa9387d8c,2839051660,sprite|anim,16,6,1,0,0,1,1,1,1,1
0xb0107444,2953868356,audio,10,8,1,1,1,1,1,1,1,1
0xb01c25f0,2954634736,sprite|anim,13,6,1,0,0,1,1,1,1,1
0xb0807444,2961208388,audio,10,8,1,1,1,1,1,1,1,1
0xb0b07444,2964354116,audio,12,8,1,1,1,1,1,1,1,1
0xb0d07444,2966451268,audio,12,8,1,1,1,1,1,1,1,1
0xb12c0854,2972452948,sprite|anim,11,6,1,0,0,1,1,1,1,1
0xb1907444,2979034180,audio,12,8,1,1,1,1,1,1,1,1
0xb2907444,2995811396,audio,12,8,1,1,1,1,1,1,1,1
0xb4011101,3019968769,sprite|anim,8,8,1,1,1,1,1,1,1,1
0xb468d0c6,3026768070,sprite|anim,14,8,1,1,1,1,1,1,1,1
0xb69c8356,3063710550,sprite|anim,16,6,1,0,0,1,1,1,1,1
0xb6c35cc0,3066256576,audio,15,8,1,1,1,1,1,1,1,1
0xb7cce25e,3083657822,sprite|anim,19,6,1,0,0,1,1,1,1,1
0xb84968b0,3091818672,sprite|anim,13,6,1,0,0,1,1,1,1,1
0xb868d0c6,3093876934,sprite|anim,14,8,1,1,1,1,1,1,1,1
0xb8700ca1,3094351009,sprite|anim,12,8,1,1,1,1,1,1,1,1
0xb92c4850,3106687056,sprite|anim,12,6,1,0,0,1,1,1,1,1
0xba094800,3121170432,sprite|anim,9,6,1,0,0,1,1,1,1,1
0xbb781481,3145208961,sprite|anim,14,8,1,1,1,1,1,1,1,1
0xbe68d0c6,3194540230,sprite|anim,16,8,1,1,1,1,1,1,1,1
0xbebce258,3200049752,sprite|anim,18,6,1,0,0,1,1,1,1,1
0xc00200c9,3221356745,audio,7,8,1,1,1,1,1,1,1,1
0xc0034658,3221440088,audio,10,8,1,1,1,1,1,1,1,1
0xc0099011,3221852177,audio,8,6,1,0,0,1,1,1,1,1
0xc0608a40,3227552320,audio,8,8,1,1,1,1,1,1,1,1
0xc2820c70,3263302768,audio,10,6,1,0,0,1,1,1,1,1
0xc2906565,3264243045,audio,13,8,1,1,1,1,1,1,1,1
0xc2911461,3264287841,audio,11,8,1,1,1,1,1,1,1,1
0xc305034b,3271885643,audio,12,8,1,1,1,1,1,1,1,1
0xc473c624,3295921700,audio,14,8,1,1,1,1,1,1,1,1
0xc48c7158,3297538392,sprite|anim,13,6,1,0,0,1,1,1,1,1
0xc672c624,3329410596,audio,14,8,1,1,1,1,1,1,1,1
0xc8099196,3356070294,sprite|anim,12,8,1,1,1,1,1,1,1,1
0xc8648260,3362030176,audio,10,6,1,0,0,1,1,1,1,1
0xc864b260,3362042464,audio,12,6,1,0,0,1,1,1,1,1
0xc864d260,3362050656,audio,12,6,1,0,0,1,1,1,1,1
0xc87ca082,3363610754,sprite|anim,12,8,1,1,1,1,1,1,1,1
0xc8830661,3364030049,audio,11,6,1,0,0,1,1,1,1,1
0xc88a346a,3364500586,audio,13,6,1,0,0,1,1,1,1,1
0xc89e9158,3365835096,sprite|anim,14,6,1,0,0,1,1,1,1,1
0xc8f90114,3371761940,sprite|anim,12,6,1,0,0,1,1,1,1,1
0xc924b098,3374624920,sprite,12,1,0,0,0,0,1,0,0,0
0xc92884e2,3374875874,audio,12,8,1,1,1,1,1,1,1,1
0xc9387d8c,3375922572,sprite|anim,16,6,1,0,0,1,1,1,1,1
0xca1006c0,3390047936,audio,9,8,1,1,1,1,1,1,1,1
0xca1b20cb,3390775499,sprite|anim,14,8,1,1,1,1,1,1,1,1
0xca223f46,3391242054,audio,15,8,1,1,1,1,1,1,1,1
0xca282402,3391628290,sprite|anim,9,6,1,0,0,1,1,1,1,1
0xca688571,3395847537,sprite,14,1,0,0,0,0,0,1,0,0
0xcaadc032,3400384562,sprite|anim,14,6,1,0,0,1,1,1,1,1
0xcc2f9805,3425671173,sprite,14,1,0,0,0,0,0,1,0,0
0xcc6c8070,3429662832,audio,12,6,1,0,0,1,1,1,1,1
0xcf36c451,3476472913,sprite,16,1,0,0,0,0,1,0,0,0
0xd02dc3d5,3492660181,sprite|anim,16,8,1,1,1,1,1,1,1,1
0xd0a14440,3500229696,audio,9,6,1,0,0,1,1,1,1,1
0xd0a5f094,3500535956,sprite|anim,14,8,1,1,1,1,1,1,1,1
0xd0b04444,3501212740,audio,10,8,1,1,1,1,1,1,1,1
0xd0cc5442,3503051842,audio,12,6,1,0,0,1,1,1,1,1
0xd124b098,3508842648,sprite,12,1,0,0,0,0,1,0,0,0
0xd144ab00,3510938368,audio,11,8,1,1,1,1,1,1,1,1
0xd167c005,3513237509,sprite|anim,13,8,1,1,1,1,1,1,1,1
0xd2688571,3530065265,sprite,14,1,0,0,0,0,0,1,0,0
0xd2801814,3531610132,sprite|anim,9,6,1,0,0,1,1,1,1,1
0xd305d045,3540373573,sprite|anim,13,8,1,1,1,1,1,1,1,1
0xd42f9805,3559888901,sprite,14,1,0,0,0,0,0,1,0,0
0xd4865c40,3565575232,audio,12,6,1,0,0,1,1,1,1,1
0xd4a094c0,3567293632,audio,11,6,1,0,0,1,1,1,1,1
0xd68e3c40,3599645760,audio,14,6,1,0,0,1,1,1,1,1
0xd6bc2450,3602654288,sprite|anim,14,8,1,1,1,1,1,1,1,1
0xd70880a4,3607658660,sprite|anim,11,6,1,0,0,1,1,1,1,1
0xd736c451,3610690641,sprite,16,1,0,0,0,0,1,0,0,0
0xd89c319a,3634114970,sprite|anim,15,6,1,0,0,1,1,1,1,1
0xd914004f,3641966671,audio,12,8,1,1,1,1,1,1,1,1
0xe00e989d,3759052957,sprite|anim,14,8,1,1,1,1,1,1,1,1
0xe00e991d,3759053085,sprite|anim,14,8,1,1,1,1,1,1,1,1
0xe0880448,3767010376,audio,8,8,1,1,1,1,1,1,1,1
0xe0c00650,3770680912,audio,9,8,1,1,1,1,1,1,1,1
0xe124b098,3777278104,sprite,12,1,0,0,0,0,1,0,0,0
0xe289c059,3800678489,sprite|anim,13,5,1,0,0,1,1,1,0,1
0xe398d28d,3818443405,sprite|anim,16,8,1,1,1,1,1,1,1,1
0xe42f9805,3828324357,sprite,14,1,0,0,0,0,0,1,0,0
0xe4834384,3833807748,sprite|anim,12,8,1,1,1,1,1,1,1,1
0xe48744c4,3834070212,audio,13,6,1,0,0,1,1,1,1,1
0xe4cb8330,3838542640,sprite|anim,14,6,1,0,0,1,1,1,1,1
0xe6182b56,3860343638,audio,15,8,1,1,1,1,1,1,1,1
0xe6830101,3867345153,sprite|anim,10,8,1,1,1,1,1,1,1,1
0xe7443a6f,3880008303,sprite|anim,18,8,1,1,1,1,1,1,1,1
0xe8628689,3898771081,sprite|anim,13,8,1,1,1,1,1,1,1,1
0xec000027,3959423015,sprite|anim,9,8,1,1,1,1,1,1,1,1
0xec95689b,3969214619,sprite|anim,17,5,1,0,0,1,1,1,0,1
0xed209c94,3978337428,sprite|anim,14,6,1,0,0,1,1,1,1,1
0xf03391e9,4029911529,audio,16,6,1,0,0,1,1,1,1,1
0xf033a1e9,4029915625,audio,16,6,1,0,0,1,1,1,1,1
0xf175320e,4050989582,sprite|anim,16,8,1,1,1,1,1,1,1,1
0xf2810224,4068540964,audio,10,6,1,0,0,1,1,1,1,1
0xf8494814,4165552148,sprite|anim,12,6,1,0,0,1,1,1,1,1
0xf936c015,4181114901,sprite|anim,15,8,1,1,1,1,1,1,1,1
0xfa100225,4195353125,sprite|anim,11,8,1,1,1,1,1,1,1,1
0xfa20cd14,4196453652,sprite|anim,14,8,1,1,1,1,1,1,1,1
0xfa700ce7,4201647335,sprite|anim,17,8,1,1,1,1,1,1,1,1
0xfaeea312,4209943314,sprite,18,1,0,0,0,0,0,1,0,0
0xfb260440,4213572672,sprite|anim,12,8,1,1,1,1,1,1,1,1
0xfc82d540,4236432704,audio,14,6,1,0,0,1,1,1,1,1
